{
    "asn_type": "spec3",
    "asn_rule": "candidate_Asn_Lv3SpectralSource",
    "version_id": "20231119t211404",
    "code_version": "1.11.4",
    "degraded_status": "No known degraded exposures in association.",
    "program": "01210",
    "constraints": "DMSAttrConstraint({'name': 'program', 'sources': ['program'], 'value': '1210'})\nDMSAttrConstraint({'name': 'instrument', 'sources': ['instrume'], 'value': 'nirspec'})\nDMSAttrConstraint({'name': 'opt_elem', 'sources': ['filter'], 'value': 'f070lp'})\nDMSAttrConstraint({'name': 'opt_elem2', 'sources': ['grating'], 'value': 'g140m'})\nDMSAttrConstraint({'name': 'opt_elem3', 'sources': ['fxd_slit'], 'value': None})\nDMSAttrConstraint({'name': 'subarray', 'sources': ['subarray'], 'value': 'full'})\nConstraint_Target({'name': 'target', 'sources': ['targetid'], 'value': '2'})\nDMSAttrConstraint({'name': 'exp_type', 'sources': ['exp_type'], 'value': 'nrc_wfss|nrs_autoflat|nrs_autowave'})\nDMSAttrConstraint({'name': 'exp_type', 'sources': ['exp_type'], 'value': 'nrs_msaspec'})\nDMSAttrConstraint({'name': 'is_msa', 'sources': ['msametfl'], 'value': None})\nConstraint_Obsnum({'name': 'obs_num', 'sources': ['obs_num'], 'value': None})\nConstraint_TargetAcq({'name': 'target_acq', 'value': 'target_acquisition'})\nDMSAttrConstraint({'name': 'acq_obsnum', 'sources': ['obs_num'], 'value': <function AsnMixin_Science.__init__.<locals>.<lambda> at 0x2ab7a2297940>})\nDMSAttrConstraint({'name': 'asn_candidate', 'sources': ['asn_candidate'], 'value': \"\\\\('o001',\\\\ 'observation'\\\\)\"})",
    "asn_id": "o001",
    "target": "t002",
    "asn_pool": "jw01210_20231119t211404_pool.csv",
    "products": [
        {
            "name": "jw01210-o001_{source_id}_nirspec_f070lp-g140m",
            "members": [
                {
                    "expname": "jw01210001001_03101_00001_nrs1_cal.fits",
                    "exptype": "science",
                    "exposerr": "null",
                    "asn_candidate": "[('o001', 'observation')]"
                },
                {
                    "expname": "jw01210001001_03101_00001_nrs2_cal.fits",
                    "exptype": "science",
                    "exposerr": "null",
                    "asn_candidate": "[('o001', 'observation')]"
                },
                {
                    "expname": "jw01210001001_03101_00002_nrs1_cal.fits",
                    "exptype": "science",
                    "exposerr": "null",
                    "asn_candidate": "[('o001', 'observation')]"
                },
                {
                    "expname": "jw01210001001_03101_00002_nrs2_cal.fits",
                    "exptype": "science",
                    "exposerr": "null",
                    "asn_candidate": "[('o001', 'observation')]"
                },
                {
                    "expname": "jw01210001001_03101_00003_nrs1_cal.fits",
                    "exptype": "science",
                    "exposerr": "null",
                    "asn_candidate": "[('o001', 'observation')]"
                },
                {
                    "expname": "jw01210001001_03101_00003_nrs2_cal.fits",
                    "exptype": "science",
                    "exposerr": "null",
                    "asn_candidate": "[('o001', 'observation')]"
                },
                {
                    "expname": "jw01210001002_02101_00001_nrs1_cal.fits",
                    "exptype": "target_acquisition",
                    "exposerr": "null",
                    "asn_candidate": "[('o001', 'observation')]"
                },
                {
                    "expname": "jw01210001002_02101_00001_nrs2_cal.fits",
                    "exptype": "target_acquisition",
                    "exposerr": "null",
                    "asn_candidate": "[('o001', 'observation')]"
                },
                {
                    "expname": "jw01210001002_02101_00002_nrs1_cal.fits",
                    "exptype": "target_acquisition",
                    "exposerr": "null",
                    "asn_candidate": "[('o001', 'observation')]"
                },
                {
                    "expname": "jw01210001002_02101_00002_nrs2_cal.fits",
                    "exptype": "target_acquisition",
                    "exposerr": "null",
                    "asn_candidate": "[('o001', 'observation')]"
                },
                {
                    "expname": "jw01210001002_02101_00003_nrs1_cal.fits",
                    "exptype": "target_acquisition",
                    "exposerr": "null",
                    "asn_candidate": "[('o001', 'observation')]"
                },
                {
                    "expname": "jw01210001002_02101_00003_nrs2_cal.fits",
                    "exptype": "target_acquisition",
                    "exposerr": "null",
                    "asn_candidate": "[('o001', 'observation')]"
                },
                {
                    "expname": "jw01210001002_11101_00001_nrs1_cal.fits",
                    "exptype": "science",
                    "exposerr": "null",
                    "asn_candidate": "[('o001', 'observation')]"
                },
                {
                    "expname": "jw01210001002_11101_00001_nrs2_cal.fits",
                    "exptype": "science",
                    "exposerr": "null",
                    "asn_candidate": "[('o001', 'observation')]"
                },
                {
                    "expname": "jw01210001002_11101_00002_nrs1_cal.fits",
                    "exptype": "science",
                    "exposerr": "null",
                    "asn_candidate": "[('o001', 'observation')]"
                },
                {
                    "expname": "jw01210001002_11101_00002_nrs2_cal.fits",
                    "exptype": "science",
                    "exposerr": "null",
                    "asn_candidate": "[('o001', 'observation')]"
                },
                {
                    "expname": "jw01210001002_11101_00003_nrs1_cal.fits",
                    "exptype": "science",
                    "exposerr": "null",
                    "asn_candidate": "[('o001', 'observation')]"
                },
                {
                    "expname": "jw01210001002_11101_00003_nrs2_cal.fits",
                    "exptype": "science",
                    "exposerr": "null",
                    "asn_candidate": "[('o001', 'observation')]"
                },
                {
                    "expname": "jw01210001003_02101_00001_nrs1_cal.fits",
                    "exptype": "target_acquisition",
                    "exposerr": "null",
                    "asn_candidate": "[('o001', 'observation')]"
                },
                {
                    "expname": "jw01210001003_02101_00001_nrs2_cal.fits",
                    "exptype": "target_acquisition",
                    "exposerr": "null",
                    "asn_candidate": "[('o001', 'observation')]"
                },
                {
                    "expname": "jw01210001003_02101_00002_nrs1_cal.fits",
                    "exptype": "target_acquisition",
                    "exposerr": "null",
                    "asn_candidate": "[('o001', 'observation')]"
                },
                {
                    "expname": "jw01210001003_02101_00002_nrs2_cal.fits",
                    "exptype": "target_acquisition",
                    "exposerr": "null",
                    "asn_candidate": "[('o001', 'observation')]"
                },
                {
                    "expname": "jw01210001003_02101_00003_nrs1_cal.fits",
                    "exptype": "target_acquisition",
                    "exposerr": "null",
                    "asn_candidate": "[('o001', 'observation')]"
                },
                {
                    "expname": "jw01210001003_02101_00003_nrs2_cal.fits",
                    "exptype": "target_acquisition",
                    "exposerr": "null",
                    "asn_candidate": "[('o001', 'observation')]"
                },
                {
                    "expname": "jw01210001003_09101_00001_nrs1_cal.fits",
                    "exptype": "science",
                    "exposerr": "null",
                    "asn_candidate": "[('o001', 'observation')]"
                },
                {
                    "expname": "jw01210001003_09101_00001_nrs2_cal.fits",
                    "exptype": "science",
                    "exposerr": "null",
                    "asn_candidate": "[('o001', 'observation')]"
                },
                {
                    "expname": "jw01210001003_09101_00002_nrs1_cal.fits",
                    "exptype": "science",
                    "exposerr": "null",
                    "asn_candidate": "[('o001', 'observation')]"
                },
                {
                    "expname": "jw01210001003_09101_00002_nrs2_cal.fits",
                    "exptype": "science",
                    "exposerr": "null",
                    "asn_candidate": "[('o001', 'observation')]"
                },
                {
                    "expname": "jw01210001003_09101_00003_nrs1_cal.fits",
                    "exptype": "science",
                    "exposerr": "null",
                    "asn_candidate": "[('o001', 'observation')]"
                },
                {
                    "expname": "jw01210001003_09101_00003_nrs2_cal.fits",
                    "exptype": "science",
                    "exposerr": "null",
                    "asn_candidate": "[('o001', 'observation')]"
                },
                {
                    "expname": "jw01210001001_02101_00001_nrs1_cal.fits",
                    "exptype": "target_acquisition",
                    "exposerr": "null",
                    "asn_candidate": "[('o001', 'observation')]"
                },
                {
                    "expname": "jw01210001001_02101_00001_nrs2_cal.fits",
                    "exptype": "target_acquisition",
                    "exposerr": "null",
                    "asn_candidate": "[('o001', 'observation')]"
                },
                {
                    "expname": "jw01210001001_02101_00002_nrs1_cal.fits",
                    "exptype": "target_acquisition",
                    "exposerr": "null",
                    "asn_candidate": "[('o001', 'observation')]"
                },
                {
                    "expname": "jw01210001001_02101_00002_nrs2_cal.fits",
                    "exptype": "target_acquisition",
                    "exposerr": "null",
                    "asn_candidate": "[('o001', 'observation')]"
                },
                {
                    "expname": "jw01210001001_02101_00003_nrs1_cal.fits",
                    "exptype": "target_acquisition",
                    "exposerr": "null",
                    "asn_candidate": "[('o001', 'observation')]"
                },
                {
                    "expname": "jw01210001001_02101_00003_nrs2_cal.fits",
                    "exptype": "target_acquisition",
                    "exposerr": "null",
                    "asn_candidate": "[('o001', 'observation')]"
                }
            ]
        }
    ]
}