{
    "asn_type": "spec3",
    "asn_rule": "candidate_Asn_Lv3SpectralSource",
    "version_id": "20231017t235238",
    "code_version": "1.11.4",
    "degraded_status": "No known degraded exposures in association.",
    "program": "03215",
    "constraints": "DMSAttrConstraint({'name': 'program', 'sources': ['program'], 'value': '3215'})\nDMSAttrConstraint({'name': 'instrument', 'sources': ['instrume'], 'value': 'nirspec'})\nDMSAttrConstraint({'name': 'opt_elem', 'sources': ['filter'], 'value': 'clear'})\nDMSAttrConstraint({'name': 'opt_elem2', 'sources': ['grating'], 'value': 'prism'})\nDMSAttrConstraint({'name': 'opt_elem3', 'sources': ['fxd_slit'], 'value': None})\nDMSAttrConstraint({'name': 'subarray', 'sources': ['subarray'], 'value': 'full'})\nConstraint_Target({'name': 'target', 'sources': ['targetid'], 'value': '1'})\nDMSAttrConstraint({'name': 'exp_type', 'sources': ['exp_type'], 'value': 'nrc_wfss|nrs_autoflat|nrs_autowave'})\nDMSAttrConstraint({'name': 'exp_type', 'sources': ['exp_type'], 'value': 'nrs_msaspec'})\nDMSAttrConstraint({'name': 'is_msa', 'sources': ['msametfl'], 'value': None})\nConstraint_Obsnum({'name': 'obs_num', 'sources': ['obs_num'], 'value': None})\nConstraint_TargetAcq({'name': 'target_acq', 'value': 'target_acquisition'})\nDMSAttrConstraint({'name': 'acq_obsnum', 'sources': ['obs_num'], 'value': <function AsnMixin_Science.__init__.<locals>.<lambda> at 0x2add3a743820>})\nDMSAttrConstraint({'name': 'asn_candidate', 'sources': ['asn_candidate'], 'value': \"\\\\('o001',\\\\ 'observation'\\\\)\"})",
    "asn_id": "o001",
    "target": "t001",
    "asn_pool": "jw03215_20231017t235238_pool.csv",
    "products": [
        {
            "name": "jw03215-o001_{source_id}_nirspec_clear-prism",
            "members": [
                {
                    "expname": "jw03215001001_13101_00001_nrs1_cal.fits",
                    "exptype": "science",
                    "exposerr": "null",
                    "asn_candidate": "[('o001', 'observation')]"
                },
                {
                    "expname": "jw03215001001_13101_00001_nrs2_cal.fits",
                    "exptype": "science",
                    "exposerr": "null",
                    "asn_candidate": "[('o001', 'observation')]"
                },
                {
                    "expname": "jw03215001001_13101_00002_nrs1_cal.fits",
                    "exptype": "science",
                    "exposerr": "null",
                    "asn_candidate": "[('o001', 'observation')]"
                },
                {
                    "expname": "jw03215001001_13101_00002_nrs2_cal.fits",
                    "exptype": "science",
                    "exposerr": "null",
                    "asn_candidate": "[('o001', 'observation')]"
                },
                {
                    "expname": "jw03215001001_13101_00003_nrs1_cal.fits",
                    "exptype": "science",
                    "exposerr": "null",
                    "asn_candidate": "[('o001', 'observation')]"
                },
                {
                    "expname": "jw03215001001_13101_00003_nrs2_cal.fits",
                    "exptype": "science",
                    "exposerr": "null",
                    "asn_candidate": "[('o001', 'observation')]"
                },
                {
                    "expname": "jw03215001001_15101_00001_nrs1_cal.fits",
                    "exptype": "science",
                    "exposerr": "null",
                    "asn_candidate": "[('o001', 'observation')]"
                },
                {
                    "expname": "jw03215001001_15101_00001_nrs2_cal.fits",
                    "exptype": "science",
                    "exposerr": "null",
                    "asn_candidate": "[('o001', 'observation')]"
                },
                {
                    "expname": "jw03215001001_15101_00002_nrs1_cal.fits",
                    "exptype": "science",
                    "exposerr": "null",
                    "asn_candidate": "[('o001', 'observation')]"
                },
                {
                    "expname": "jw03215001001_15101_00002_nrs2_cal.fits",
                    "exptype": "science",
                    "exposerr": "null",
                    "asn_candidate": "[('o001', 'observation')]"
                },
                {
                    "expname": "jw03215001001_15101_00003_nrs1_cal.fits",
                    "exptype": "science",
                    "exposerr": "null",
                    "asn_candidate": "[('o001', 'observation')]"
                },
                {
                    "expname": "jw03215001001_15101_00003_nrs2_cal.fits",
                    "exptype": "science",
                    "exposerr": "null",
                    "asn_candidate": "[('o001', 'observation')]"
                },
                {
                    "expname": "jw03215001001_17101_00001_nrs1_cal.fits",
                    "exptype": "science",
                    "exposerr": "null",
                    "asn_candidate": "[('o001', 'observation')]"
                },
                {
                    "expname": "jw03215001001_17101_00001_nrs2_cal.fits",
                    "exptype": "science",
                    "exposerr": "null",
                    "asn_candidate": "[('o001', 'observation')]"
                },
                {
                    "expname": "jw03215001001_17101_00002_nrs1_cal.fits",
                    "exptype": "science",
                    "exposerr": "null",
                    "asn_candidate": "[('o001', 'observation')]"
                },
                {
                    "expname": "jw03215001001_17101_00002_nrs2_cal.fits",
                    "exptype": "science",
                    "exposerr": "null",
                    "asn_candidate": "[('o001', 'observation')]"
                },
                {
                    "expname": "jw03215001001_17101_00003_nrs1_cal.fits",
                    "exptype": "science",
                    "exposerr": "null",
                    "asn_candidate": "[('o001', 'observation')]"
                },
                {
                    "expname": "jw03215001001_17101_00003_nrs2_cal.fits",
                    "exptype": "science",
                    "exposerr": "null",
                    "asn_candidate": "[('o001', 'observation')]"
                },
                {
                    "expname": "jw03215001001_19101_00001_nrs1_cal.fits",
                    "exptype": "science",
                    "exposerr": "null",
                    "asn_candidate": "[('o001', 'observation')]"
                },
                {
                    "expname": "jw03215001001_19101_00001_nrs2_cal.fits",
                    "exptype": "science",
                    "exposerr": "null",
                    "asn_candidate": "[('o001', 'observation')]"
                },
                {
                    "expname": "jw03215001001_19101_00002_nrs1_cal.fits",
                    "exptype": "science",
                    "exposerr": "null",
                    "asn_candidate": "[('o001', 'observation')]"
                },
                {
                    "expname": "jw03215001001_19101_00002_nrs2_cal.fits",
                    "exptype": "science",
                    "exposerr": "null",
                    "asn_candidate": "[('o001', 'observation')]"
                },
                {
                    "expname": "jw03215001001_19101_00003_nrs1_cal.fits",
                    "exptype": "science",
                    "exposerr": "null",
                    "asn_candidate": "[('o001', 'observation')]"
                },
                {
                    "expname": "jw03215001001_19101_00003_nrs2_cal.fits",
                    "exptype": "science",
                    "exposerr": "null",
                    "asn_candidate": "[('o001', 'observation')]"
                },
                {
                    "expname": "jw03215001002_02101_00001_nrs1_cal.fits",
                    "exptype": "target_acquisition",
                    "exposerr": "null",
                    "asn_candidate": "[('o001', 'observation')]"
                },
                {
                    "expname": "jw03215001002_02101_00001_nrs2_cal.fits",
                    "exptype": "target_acquisition",
                    "exposerr": "null",
                    "asn_candidate": "[('o001', 'observation')]"
                },
                {
                    "expname": "jw03215001002_02101_00002_nrs1_cal.fits",
                    "exptype": "target_acquisition",
                    "exposerr": "null",
                    "asn_candidate": "[('o001', 'observation')]"
                },
                {
                    "expname": "jw03215001002_02101_00002_nrs2_cal.fits",
                    "exptype": "target_acquisition",
                    "exposerr": "null",
                    "asn_candidate": "[('o001', 'observation')]"
                },
                {
                    "expname": "jw03215001002_02101_00003_nrs1_cal.fits",
                    "exptype": "target_acquisition",
                    "exposerr": "null",
                    "asn_candidate": "[('o001', 'observation')]"
                },
                {
                    "expname": "jw03215001002_02101_00003_nrs2_cal.fits",
                    "exptype": "target_acquisition",
                    "exposerr": "null",
                    "asn_candidate": "[('o001', 'observation')]"
                },
                {
                    "expname": "jw03215001002_13101_00001_nrs1_cal.fits",
                    "exptype": "science",
                    "exposerr": "null",
                    "asn_candidate": "[('o001', 'observation')]"
                },
                {
                    "expname": "jw03215001002_13101_00001_nrs2_cal.fits",
                    "exptype": "science",
                    "exposerr": "null",
                    "asn_candidate": "[('o001', 'observation')]"
                },
                {
                    "expname": "jw03215001002_13101_00002_nrs1_cal.fits",
                    "exptype": "science",
                    "exposerr": "null",
                    "asn_candidate": "[('o001', 'observation')]"
                },
                {
                    "expname": "jw03215001002_13101_00002_nrs2_cal.fits",
                    "exptype": "science",
                    "exposerr": "null",
                    "asn_candidate": "[('o001', 'observation')]"
                },
                {
                    "expname": "jw03215001002_13101_00003_nrs1_cal.fits",
                    "exptype": "science",
                    "exposerr": "null",
                    "asn_candidate": "[('o001', 'observation')]"
                },
                {
                    "expname": "jw03215001002_13101_00003_nrs2_cal.fits",
                    "exptype": "science",
                    "exposerr": "null",
                    "asn_candidate": "[('o001', 'observation')]"
                },
                {
                    "expname": "jw03215001002_15101_00001_nrs1_cal.fits",
                    "exptype": "science",
                    "exposerr": "null",
                    "asn_candidate": "[('o001', 'observation')]"
                },
                {
                    "expname": "jw03215001002_15101_00001_nrs2_cal.fits",
                    "exptype": "science",
                    "exposerr": "null",
                    "asn_candidate": "[('o001', 'observation')]"
                },
                {
                    "expname": "jw03215001002_15101_00002_nrs1_cal.fits",
                    "exptype": "science",
                    "exposerr": "null",
                    "asn_candidate": "[('o001', 'observation')]"
                },
                {
                    "expname": "jw03215001002_15101_00002_nrs2_cal.fits",
                    "exptype": "science",
                    "exposerr": "null",
                    "asn_candidate": "[('o001', 'observation')]"
                },
                {
                    "expname": "jw03215001002_15101_00003_nrs1_cal.fits",
                    "exptype": "science",
                    "exposerr": "null",
                    "asn_candidate": "[('o001', 'observation')]"
                },
                {
                    "expname": "jw03215001002_15101_00003_nrs2_cal.fits",
                    "exptype": "science",
                    "exposerr": "null",
                    "asn_candidate": "[('o001', 'observation')]"
                },
                {
                    "expname": "jw03215001002_17101_00001_nrs1_cal.fits",
                    "exptype": "science",
                    "exposerr": "null",
                    "asn_candidate": "[('o001', 'observation')]"
                },
                {
                    "expname": "jw03215001002_17101_00001_nrs2_cal.fits",
                    "exptype": "science",
                    "exposerr": "null",
                    "asn_candidate": "[('o001', 'observation')]"
                },
                {
                    "expname": "jw03215001002_17101_00002_nrs1_cal.fits",
                    "exptype": "science",
                    "exposerr": "null",
                    "asn_candidate": "[('o001', 'observation')]"
                },
                {
                    "expname": "jw03215001002_17101_00002_nrs2_cal.fits",
                    "exptype": "science",
                    "exposerr": "null",
                    "asn_candidate": "[('o001', 'observation')]"
                },
                {
                    "expname": "jw03215001002_17101_00003_nrs1_cal.fits",
                    "exptype": "science",
                    "exposerr": "null",
                    "asn_candidate": "[('o001', 'observation')]"
                },
                {
                    "expname": "jw03215001002_17101_00003_nrs2_cal.fits",
                    "exptype": "science",
                    "exposerr": "null",
                    "asn_candidate": "[('o001', 'observation')]"
                },
                {
                    "expname": "jw03215001002_19101_00001_nrs1_cal.fits",
                    "exptype": "science",
                    "exposerr": "null",
                    "asn_candidate": "[('o001', 'observation')]"
                },
                {
                    "expname": "jw03215001002_19101_00001_nrs2_cal.fits",
                    "exptype": "science",
                    "exposerr": "null",
                    "asn_candidate": "[('o001', 'observation')]"
                },
                {
                    "expname": "jw03215001002_19101_00002_nrs1_cal.fits",
                    "exptype": "science",
                    "exposerr": "null",
                    "asn_candidate": "[('o001', 'observation')]"
                },
                {
                    "expname": "jw03215001002_19101_00002_nrs2_cal.fits",
                    "exptype": "science",
                    "exposerr": "null",
                    "asn_candidate": "[('o001', 'observation')]"
                },
                {
                    "expname": "jw03215001002_19101_00003_nrs1_cal.fits",
                    "exptype": "science",
                    "exposerr": "null",
                    "asn_candidate": "[('o001', 'observation')]"
                },
                {
                    "expname": "jw03215001002_19101_00003_nrs2_cal.fits",
                    "exptype": "science",
                    "exposerr": "null",
                    "asn_candidate": "[('o001', 'observation')]"
                },
                {
                    "expname": "jw03215001003_02101_00001_nrs1_cal.fits",
                    "exptype": "target_acquisition",
                    "exposerr": "null",
                    "asn_candidate": "[('o001', 'observation')]"
                },
                {
                    "expname": "jw03215001003_02101_00001_nrs2_cal.fits",
                    "exptype": "target_acquisition",
                    "exposerr": "null",
                    "asn_candidate": "[('o001', 'observation')]"
                },
                {
                    "expname": "jw03215001003_02101_00002_nrs1_cal.fits",
                    "exptype": "target_acquisition",
                    "exposerr": "null",
                    "asn_candidate": "[('o001', 'observation')]"
                },
                {
                    "expname": "jw03215001003_02101_00002_nrs2_cal.fits",
                    "exptype": "target_acquisition",
                    "exposerr": "null",
                    "asn_candidate": "[('o001', 'observation')]"
                },
                {
                    "expname": "jw03215001003_02101_00003_nrs1_cal.fits",
                    "exptype": "target_acquisition",
                    "exposerr": "null",
                    "asn_candidate": "[('o001', 'observation')]"
                },
                {
                    "expname": "jw03215001003_02101_00003_nrs2_cal.fits",
                    "exptype": "target_acquisition",
                    "exposerr": "null",
                    "asn_candidate": "[('o001', 'observation')]"
                },
                {
                    "expname": "jw03215001003_13101_00001_nrs1_cal.fits",
                    "exptype": "science",
                    "exposerr": "null",
                    "asn_candidate": "[('o001', 'observation')]"
                },
                {
                    "expname": "jw03215001003_13101_00001_nrs2_cal.fits",
                    "exptype": "science",
                    "exposerr": "null",
                    "asn_candidate": "[('o001', 'observation')]"
                },
                {
                    "expname": "jw03215001003_13101_00002_nrs1_cal.fits",
                    "exptype": "science",
                    "exposerr": "null",
                    "asn_candidate": "[('o001', 'observation')]"
                },
                {
                    "expname": "jw03215001003_13101_00002_nrs2_cal.fits",
                    "exptype": "science",
                    "exposerr": "null",
                    "asn_candidate": "[('o001', 'observation')]"
                },
                {
                    "expname": "jw03215001003_13101_00003_nrs1_cal.fits",
                    "exptype": "science",
                    "exposerr": "null",
                    "asn_candidate": "[('o001', 'observation')]"
                },
                {
                    "expname": "jw03215001003_13101_00003_nrs2_cal.fits",
                    "exptype": "science",
                    "exposerr": "null",
                    "asn_candidate": "[('o001', 'observation')]"
                },
                {
                    "expname": "jw03215001003_15101_00001_nrs1_cal.fits",
                    "exptype": "science",
                    "exposerr": "null",
                    "asn_candidate": "[('o001', 'observation')]"
                },
                {
                    "expname": "jw03215001003_15101_00001_nrs2_cal.fits",
                    "exptype": "science",
                    "exposerr": "null",
                    "asn_candidate": "[('o001', 'observation')]"
                },
                {
                    "expname": "jw03215001003_15101_00002_nrs1_cal.fits",
                    "exptype": "science",
                    "exposerr": "null",
                    "asn_candidate": "[('o001', 'observation')]"
                },
                {
                    "expname": "jw03215001003_15101_00002_nrs2_cal.fits",
                    "exptype": "science",
                    "exposerr": "null",
                    "asn_candidate": "[('o001', 'observation')]"
                },
                {
                    "expname": "jw03215001003_15101_00003_nrs1_cal.fits",
                    "exptype": "science",
                    "exposerr": "null",
                    "asn_candidate": "[('o001', 'observation')]"
                },
                {
                    "expname": "jw03215001003_15101_00003_nrs2_cal.fits",
                    "exptype": "science",
                    "exposerr": "null",
                    "asn_candidate": "[('o001', 'observation')]"
                },
                {
                    "expname": "jw03215001003_17101_00001_nrs1_cal.fits",
                    "exptype": "science",
                    "exposerr": "null",
                    "asn_candidate": "[('o001', 'observation')]"
                },
                {
                    "expname": "jw03215001003_17101_00001_nrs2_cal.fits",
                    "exptype": "science",
                    "exposerr": "null",
                    "asn_candidate": "[('o001', 'observation')]"
                },
                {
                    "expname": "jw03215001003_17101_00002_nrs1_cal.fits",
                    "exptype": "science",
                    "exposerr": "null",
                    "asn_candidate": "[('o001', 'observation')]"
                },
                {
                    "expname": "jw03215001003_17101_00002_nrs2_cal.fits",
                    "exptype": "science",
                    "exposerr": "null",
                    "asn_candidate": "[('o001', 'observation')]"
                },
                {
                    "expname": "jw03215001003_17101_00003_nrs1_cal.fits",
                    "exptype": "science",
                    "exposerr": "null",
                    "asn_candidate": "[('o001', 'observation')]"
                },
                {
                    "expname": "jw03215001003_17101_00003_nrs2_cal.fits",
                    "exptype": "science",
                    "exposerr": "null",
                    "asn_candidate": "[('o001', 'observation')]"
                },
                {
                    "expname": "jw03215001003_19101_00001_nrs1_cal.fits",
                    "exptype": "science",
                    "exposerr": "null",
                    "asn_candidate": "[('o001', 'observation')]"
                },
                {
                    "expname": "jw03215001003_19101_00001_nrs2_cal.fits",
                    "exptype": "science",
                    "exposerr": "null",
                    "asn_candidate": "[('o001', 'observation')]"
                },
                {
                    "expname": "jw03215001003_19101_00002_nrs1_cal.fits",
                    "exptype": "science",
                    "exposerr": "null",
                    "asn_candidate": "[('o001', 'observation')]"
                },
                {
                    "expname": "jw03215001003_19101_00002_nrs2_cal.fits",
                    "exptype": "science",
                    "exposerr": "null",
                    "asn_candidate": "[('o001', 'observation')]"
                },
                {
                    "expname": "jw03215001003_19101_00003_nrs1_cal.fits",
                    "exptype": "science",
                    "exposerr": "null",
                    "asn_candidate": "[('o001', 'observation')]"
                },
                {
                    "expname": "jw03215001003_19101_00003_nrs2_cal.fits",
                    "exptype": "science",
                    "exposerr": "null",
                    "asn_candidate": "[('o001', 'observation')]"
                },
                {
                    "expname": "jw03215001004_02101_00001_nrs1_cal.fits",
                    "exptype": "target_acquisition",
                    "exposerr": "null",
                    "asn_candidate": "[('o001', 'observation')]"
                },
                {
                    "expname": "jw03215001004_02101_00001_nrs2_cal.fits",
                    "exptype": "target_acquisition",
                    "exposerr": "null",
                    "asn_candidate": "[('o001', 'observation')]"
                },
                {
                    "expname": "jw03215001004_02101_00002_nrs1_cal.fits",
                    "exptype": "target_acquisition",
                    "exposerr": "null",
                    "asn_candidate": "[('o001', 'observation')]"
                },
                {
                    "expname": "jw03215001004_02101_00002_nrs2_cal.fits",
                    "exptype": "target_acquisition",
                    "exposerr": "null",
                    "asn_candidate": "[('o001', 'observation')]"
                },
                {
                    "expname": "jw03215001004_02101_00003_nrs1_cal.fits",
                    "exptype": "target_acquisition",
                    "exposerr": "null",
                    "asn_candidate": "[('o001', 'observation')]"
                },
                {
                    "expname": "jw03215001004_02101_00003_nrs2_cal.fits",
                    "exptype": "target_acquisition",
                    "exposerr": "null",
                    "asn_candidate": "[('o001', 'observation')]"
                },
                {
                    "expname": "jw03215001004_13101_00001_nrs1_cal.fits",
                    "exptype": "science",
                    "exposerr": "null",
                    "asn_candidate": "[('o001', 'observation')]"
                },
                {
                    "expname": "jw03215001004_13101_00001_nrs2_cal.fits",
                    "exptype": "science",
                    "exposerr": "null",
                    "asn_candidate": "[('o001', 'observation')]"
                },
                {
                    "expname": "jw03215001004_13101_00002_nrs1_cal.fits",
                    "exptype": "science",
                    "exposerr": "null",
                    "asn_candidate": "[('o001', 'observation')]"
                },
                {
                    "expname": "jw03215001004_13101_00002_nrs2_cal.fits",
                    "exptype": "science",
                    "exposerr": "null",
                    "asn_candidate": "[('o001', 'observation')]"
                },
                {
                    "expname": "jw03215001004_13101_00003_nrs1_cal.fits",
                    "exptype": "science",
                    "exposerr": "null",
                    "asn_candidate": "[('o001', 'observation')]"
                },
                {
                    "expname": "jw03215001004_13101_00003_nrs2_cal.fits",
                    "exptype": "science",
                    "exposerr": "null",
                    "asn_candidate": "[('o001', 'observation')]"
                },
                {
                    "expname": "jw03215001004_15101_00001_nrs1_cal.fits",
                    "exptype": "science",
                    "exposerr": "null",
                    "asn_candidate": "[('o001', 'observation')]"
                },
                {
                    "expname": "jw03215001004_15101_00001_nrs2_cal.fits",
                    "exptype": "science",
                    "exposerr": "null",
                    "asn_candidate": "[('o001', 'observation')]"
                },
                {
                    "expname": "jw03215001004_15101_00002_nrs1_cal.fits",
                    "exptype": "science",
                    "exposerr": "null",
                    "asn_candidate": "[('o001', 'observation')]"
                },
                {
                    "expname": "jw03215001004_15101_00002_nrs2_cal.fits",
                    "exptype": "science",
                    "exposerr": "null",
                    "asn_candidate": "[('o001', 'observation')]"
                },
                {
                    "expname": "jw03215001004_15101_00003_nrs1_cal.fits",
                    "exptype": "science",
                    "exposerr": "null",
                    "asn_candidate": "[('o001', 'observation')]"
                },
                {
                    "expname": "jw03215001004_15101_00003_nrs2_cal.fits",
                    "exptype": "science",
                    "exposerr": "null",
                    "asn_candidate": "[('o001', 'observation')]"
                },
                {
                    "expname": "jw03215001004_17101_00001_nrs1_cal.fits",
                    "exptype": "science",
                    "exposerr": "null",
                    "asn_candidate": "[('o001', 'observation')]"
                },
                {
                    "expname": "jw03215001004_17101_00001_nrs2_cal.fits",
                    "exptype": "science",
                    "exposerr": "null",
                    "asn_candidate": "[('o001', 'observation')]"
                },
                {
                    "expname": "jw03215001004_17101_00002_nrs1_cal.fits",
                    "exptype": "science",
                    "exposerr": "null",
                    "asn_candidate": "[('o001', 'observation')]"
                },
                {
                    "expname": "jw03215001004_17101_00002_nrs2_cal.fits",
                    "exptype": "science",
                    "exposerr": "null",
                    "asn_candidate": "[('o001', 'observation')]"
                },
                {
                    "expname": "jw03215001004_17101_00003_nrs1_cal.fits",
                    "exptype": "science",
                    "exposerr": "null",
                    "asn_candidate": "[('o001', 'observation')]"
                },
                {
                    "expname": "jw03215001004_17101_00003_nrs2_cal.fits",
                    "exptype": "science",
                    "exposerr": "null",
                    "asn_candidate": "[('o001', 'observation')]"
                },
                {
                    "expname": "jw03215001004_19101_00001_nrs1_cal.fits",
                    "exptype": "science",
                    "exposerr": "null",
                    "asn_candidate": "[('o001', 'observation')]"
                },
                {
                    "expname": "jw03215001004_19101_00001_nrs2_cal.fits",
                    "exptype": "science",
                    "exposerr": "null",
                    "asn_candidate": "[('o001', 'observation')]"
                },
                {
                    "expname": "jw03215001004_19101_00002_nrs1_cal.fits",
                    "exptype": "science",
                    "exposerr": "null",
                    "asn_candidate": "[('o001', 'observation')]"
                },
                {
                    "expname": "jw03215001004_19101_00002_nrs2_cal.fits",
                    "exptype": "science",
                    "exposerr": "null",
                    "asn_candidate": "[('o001', 'observation')]"
                },
                {
                    "expname": "jw03215001004_19101_00003_nrs1_cal.fits",
                    "exptype": "science",
                    "exposerr": "null",
                    "asn_candidate": "[('o001', 'observation')]"
                },
                {
                    "expname": "jw03215001004_19101_00003_nrs2_cal.fits",
                    "exptype": "science",
                    "exposerr": "null",
                    "asn_candidate": "[('o001', 'observation')]"
                },
                {
                    "expname": "jw03215001005_02101_00001_nrs1_cal.fits",
                    "exptype": "target_acquisition",
                    "exposerr": "null",
                    "asn_candidate": "[('o001', 'observation')]"
                },
                {
                    "expname": "jw03215001005_02101_00001_nrs2_cal.fits",
                    "exptype": "target_acquisition",
                    "exposerr": "null",
                    "asn_candidate": "[('o001', 'observation')]"
                },
                {
                    "expname": "jw03215001005_02101_00002_nrs1_cal.fits",
                    "exptype": "target_acquisition",
                    "exposerr": "null",
                    "asn_candidate": "[('o001', 'observation')]"
                },
                {
                    "expname": "jw03215001005_02101_00002_nrs2_cal.fits",
                    "exptype": "target_acquisition",
                    "exposerr": "null",
                    "asn_candidate": "[('o001', 'observation')]"
                },
                {
                    "expname": "jw03215001005_02101_00003_nrs1_cal.fits",
                    "exptype": "target_acquisition",
                    "exposerr": "null",
                    "asn_candidate": "[('o001', 'observation')]"
                },
                {
                    "expname": "jw03215001005_02101_00003_nrs2_cal.fits",
                    "exptype": "target_acquisition",
                    "exposerr": "null",
                    "asn_candidate": "[('o001', 'observation')]"
                },
                {
                    "expname": "jw03215001005_13101_00001_nrs1_cal.fits",
                    "exptype": "science",
                    "exposerr": "null",
                    "asn_candidate": "[('o001', 'observation')]"
                },
                {
                    "expname": "jw03215001005_13101_00001_nrs2_cal.fits",
                    "exptype": "science",
                    "exposerr": "null",
                    "asn_candidate": "[('o001', 'observation')]"
                },
                {
                    "expname": "jw03215001005_13101_00002_nrs1_cal.fits",
                    "exptype": "science",
                    "exposerr": "null",
                    "asn_candidate": "[('o001', 'observation')]"
                },
                {
                    "expname": "jw03215001005_13101_00002_nrs2_cal.fits",
                    "exptype": "science",
                    "exposerr": "null",
                    "asn_candidate": "[('o001', 'observation')]"
                },
                {
                    "expname": "jw03215001005_13101_00003_nrs1_cal.fits",
                    "exptype": "science",
                    "exposerr": "null",
                    "asn_candidate": "[('o001', 'observation')]"
                },
                {
                    "expname": "jw03215001005_13101_00003_nrs2_cal.fits",
                    "exptype": "science",
                    "exposerr": "null",
                    "asn_candidate": "[('o001', 'observation')]"
                },
                {
                    "expname": "jw03215001005_15101_00001_nrs1_cal.fits",
                    "exptype": "science",
                    "exposerr": "null",
                    "asn_candidate": "[('o001', 'observation')]"
                },
                {
                    "expname": "jw03215001005_15101_00001_nrs2_cal.fits",
                    "exptype": "science",
                    "exposerr": "null",
                    "asn_candidate": "[('o001', 'observation')]"
                },
                {
                    "expname": "jw03215001005_15101_00002_nrs1_cal.fits",
                    "exptype": "science",
                    "exposerr": "null",
                    "asn_candidate": "[('o001', 'observation')]"
                },
                {
                    "expname": "jw03215001005_15101_00002_nrs2_cal.fits",
                    "exptype": "science",
                    "exposerr": "null",
                    "asn_candidate": "[('o001', 'observation')]"
                },
                {
                    "expname": "jw03215001005_15101_00003_nrs1_cal.fits",
                    "exptype": "science",
                    "exposerr": "null",
                    "asn_candidate": "[('o001', 'observation')]"
                },
                {
                    "expname": "jw03215001005_15101_00003_nrs2_cal.fits",
                    "exptype": "science",
                    "exposerr": "null",
                    "asn_candidate": "[('o001', 'observation')]"
                },
                {
                    "expname": "jw03215001005_17101_00001_nrs1_cal.fits",
                    "exptype": "science",
                    "exposerr": "null",
                    "asn_candidate": "[('o001', 'observation')]"
                },
                {
                    "expname": "jw03215001005_17101_00001_nrs2_cal.fits",
                    "exptype": "science",
                    "exposerr": "null",
                    "asn_candidate": "[('o001', 'observation')]"
                },
                {
                    "expname": "jw03215001005_17101_00002_nrs1_cal.fits",
                    "exptype": "science",
                    "exposerr": "null",
                    "asn_candidate": "[('o001', 'observation')]"
                },
                {
                    "expname": "jw03215001005_17101_00002_nrs2_cal.fits",
                    "exptype": "science",
                    "exposerr": "null",
                    "asn_candidate": "[('o001', 'observation')]"
                },
                {
                    "expname": "jw03215001005_17101_00003_nrs1_cal.fits",
                    "exptype": "science",
                    "exposerr": "null",
                    "asn_candidate": "[('o001', 'observation')]"
                },
                {
                    "expname": "jw03215001005_17101_00003_nrs2_cal.fits",
                    "exptype": "science",
                    "exposerr": "null",
                    "asn_candidate": "[('o001', 'observation')]"
                },
                {
                    "expname": "jw03215001005_19101_00001_nrs1_cal.fits",
                    "exptype": "science",
                    "exposerr": "null",
                    "asn_candidate": "[('o001', 'observation')]"
                },
                {
                    "expname": "jw03215001005_19101_00001_nrs2_cal.fits",
                    "exptype": "science",
                    "exposerr": "null",
                    "asn_candidate": "[('o001', 'observation')]"
                },
                {
                    "expname": "jw03215001005_19101_00002_nrs1_cal.fits",
                    "exptype": "science",
                    "exposerr": "null",
                    "asn_candidate": "[('o001', 'observation')]"
                },
                {
                    "expname": "jw03215001005_19101_00002_nrs2_cal.fits",
                    "exptype": "science",
                    "exposerr": "null",
                    "asn_candidate": "[('o001', 'observation')]"
                },
                {
                    "expname": "jw03215001005_19101_00003_nrs1_cal.fits",
                    "exptype": "science",
                    "exposerr": "null",
                    "asn_candidate": "[('o001', 'observation')]"
                },
                {
                    "expname": "jw03215001005_19101_00003_nrs2_cal.fits",
                    "exptype": "science",
                    "exposerr": "null",
                    "asn_candidate": "[('o001', 'observation')]"
                },
                {
                    "expname": "jw03215001001_02101_00001_nrs1_cal.fits",
                    "exptype": "target_acquisition",
                    "exposerr": "null",
                    "asn_candidate": "[('o001', 'observation')]"
                },
                {
                    "expname": "jw03215001001_02101_00001_nrs2_cal.fits",
                    "exptype": "target_acquisition",
                    "exposerr": "null",
                    "asn_candidate": "[('o001', 'observation')]"
                },
                {
                    "expname": "jw03215001001_02101_00002_nrs1_cal.fits",
                    "exptype": "target_acquisition",
                    "exposerr": "null",
                    "asn_candidate": "[('o001', 'observation')]"
                },
                {
                    "expname": "jw03215001001_02101_00002_nrs2_cal.fits",
                    "exptype": "target_acquisition",
                    "exposerr": "null",
                    "asn_candidate": "[('o001', 'observation')]"
                },
                {
                    "expname": "jw03215001001_02101_00003_nrs1_cal.fits",
                    "exptype": "target_acquisition",
                    "exposerr": "null",
                    "asn_candidate": "[('o001', 'observation')]"
                },
                {
                    "expname": "jw03215001001_02101_00003_nrs2_cal.fits",
                    "exptype": "target_acquisition",
                    "exposerr": "null",
                    "asn_candidate": "[('o001', 'observation')]"
                }
            ]
        }
    ]
}