{
    "asn_type": "spec3",
    "asn_rule": "candidate_Asn_Lv3SpectralSource",
    "version_id": "20230831t181155",
    "code_version": "1.11.4",
    "degraded_status": "No known degraded exposures in association.",
    "program": "01345",
    "constraints": "DMSAttrConstraint({'name': 'program', 'sources': ['program'], 'value': '1345'})\nDMSAttrConstraint({'name': 'instrument', 'sources': ['instrume'], 'value': 'nirspec'})\nDMSAttrConstraint({'name': 'opt_elem', 'sources': ['filter'], 'value': 'clear'})\nDMSAttrConstraint({'name': 'opt_elem2', 'sources': ['grating'], 'value': 'prism'})\nDMSAttrConstraint({'name': 'opt_elem3', 'sources': ['fxd_slit'], 'value': None})\nDMSAttrConstraint({'name': 'subarray', 'sources': ['subarray'], 'value': 'full'})\nConstraint_Target({'name': 'target', 'sources': ['targetid'], 'value': '64'})\nDMSAttrConstraint({'name': 'exp_type', 'sources': ['exp_type'], 'value': 'nrc_wfss|nrs_autoflat|nrs_autowave'})\nDMSAttrConstraint({'name': 'exp_type', 'sources': ['exp_type'], 'value': 'nrs_msaspec'})\nDMSAttrConstraint({'name': 'is_msa', 'sources': ['msametfl'], 'value': None})\nConstraint_Obsnum({'name': 'obs_num', 'sources': ['obs_num'], 'value': None})\nConstraint_TargetAcq({'name': 'target_acq', 'value': 'target_acquisition'})\nDMSAttrConstraint({'name': 'acq_obsnum', 'sources': ['obs_num'], 'value': <function AsnMixin_Science.__init__.<locals>.<lambda> at 0x2b209d848790>})\nDMSAttrConstraint({'name': 'asn_candidate', 'sources': ['asn_candidate'], 'value': \"\\\\('o102',\\\\ 'observation'\\\\)\"})",
    "asn_id": "o102",
    "target": "t064",
    "asn_pool": "jw01345_20230831t181155_pool.csv",
    "products": [
        {
            "name": "jw01345-o102_{source_id}_nirspec_clear-prism",
            "members": [
                {
                    "expname": "jw01345102001_04101_00001_nrs1_cal.fits",
                    "exptype": "science",
                    "exposerr": "null",
                    "asn_candidate": "[('o102', 'observation')]"
                },
                {
                    "expname": "jw01345102001_04101_00001_nrs2_cal.fits",
                    "exptype": "science",
                    "exposerr": "null",
                    "asn_candidate": "[('o102', 'observation')]"
                },
                {
                    "expname": "jw01345102001_04101_00002_nrs1_cal.fits",
                    "exptype": "science",
                    "exposerr": "null",
                    "asn_candidate": "[('o102', 'observation')]"
                },
                {
                    "expname": "jw01345102001_04101_00002_nrs2_cal.fits",
                    "exptype": "science",
                    "exposerr": "null",
                    "asn_candidate": "[('o102', 'observation')]"
                },
                {
                    "expname": "jw01345102001_04101_00003_nrs1_cal.fits",
                    "exptype": "science",
                    "exposerr": "null",
                    "asn_candidate": "[('o102', 'observation')]"
                },
                {
                    "expname": "jw01345102001_04101_00003_nrs2_cal.fits",
                    "exptype": "science",
                    "exposerr": "null",
                    "asn_candidate": "[('o102', 'observation')]"
                },
                {
                    "expname": "jw01345102001_03101_00001_nrs1_cal.fits",
                    "exptype": "target_acquisition",
                    "exposerr": "null",
                    "asn_candidate": "[('o102', 'observation')]"
                },
                {
                    "expname": "jw01345102001_03101_00001_nrs2_cal.fits",
                    "exptype": "target_acquisition",
                    "exposerr": "null",
                    "asn_candidate": "[('o102', 'observation')]"
                },
                {
                    "expname": "jw01345102001_03101_00002_nrs1_cal.fits",
                    "exptype": "target_acquisition",
                    "exposerr": "null",
                    "asn_candidate": "[('o102', 'observation')]"
                },
                {
                    "expname": "jw01345102001_03101_00002_nrs2_cal.fits",
                    "exptype": "target_acquisition",
                    "exposerr": "null",
                    "asn_candidate": "[('o102', 'observation')]"
                },
                {
                    "expname": "jw01345102001_03101_00003_nrs1_cal.fits",
                    "exptype": "target_acquisition",
                    "exposerr": "null",
                    "asn_candidate": "[('o102', 'observation')]"
                },
                {
                    "expname": "jw01345102001_03101_00003_nrs2_cal.fits",
                    "exptype": "target_acquisition",
                    "exposerr": "null",
                    "asn_candidate": "[('o102', 'observation')]"
                }
            ]
        }
    ]
}